{
  "project_info": {
    "project_number": "246582350658",
    "firebase_url": "https://demo4-4e75d.firebaseio.com",
    "project_id": "demo4-4e75d",
    "storage_bucket": "demo4-4e75d.appspot.com"
  },
  "client": [
    {
      "client_info": {
        "mobilesdk_app_id": "1:246582350658:android:555a53ec6e25443b",
        "android_client_info": {
          "package_name": "com.example.demo4"
        }
      },
      "oauth_client": [],
      "api_key": [
        {
          "current_key": "AIzaSyBJaJp_-ypWcUXQOCy0hkzj-HJ1f-PgOKY"
        }
      ],
      "services": {
        "appinvite_service": {
          "other_platform_oauth_client": [
            {
              "client_id": "246582350658-q4fns9be3dtio2hgp70mb53763l586rl.apps.googleusercontent.com",
              "client_type": 3
            }
          ]
        }
      }
    }
  ],
  "configuration_version": "1"
}